{"cameraMode":{"drawMode":0,"name":"Shaded","section":"Shading Mode"},"sceneLighting":true,"audioPlay":false,"sceneViewState":{"showFog":true,"showMaterialUpdate":false,"showSkybox":true,"showFlares":true,"showImageEffects":true,"showParticleSystems":true,"showVisualEffectGraphs":true,"m_FxEnabled":true},"in2DMode":false,"pivot":{"x":0.2726564407348633,"y":1.5079128742218018,"z":-1.1889082193374634},"rotation":{"x":-0.07453634589910507,"y":0.9057500958442688,"z":-0.17918600142002107,"w":-0.3767666816711426},"size":3.9073946475982668,"orthographic":false}